number of descriptions	1 dependency parsing	1 dependency reasoning	1 dependency total	2 dependencies parsing	2 dependencies reasoning	2 dependencies total	3 dependencies parsing	3 dependencies reasoning	3 dependencies total	parsing with dummies	reasoning with dummies	total with dummies
2 (AVG)	38.9	15.1	54.0	39.5	26.5	66.0	39.4	15.7	55.1	62.7	32.0	94.7
-	48.0	4.0	52.0	35.0	24.0	59.0	35.0	11.0	46.0	59.0	19.0	78.0
-	44.0	10.0	54.0	34.0	20.0	54.0	39.0	17.0	56.0	66.0	16.0	82.0
-	42.0	12.0	54.0	35.0	22.0	57.0	42.0	15.0	57.0	56.0	22.0	78.0
-	35.0	29.0	64.0	38.0	18.0	56.0	44.0	17.0	61.0	57.0	25.0	82.0
-	52.0	6.0	58.0	40.0	25.0	65.0	34.0	24.0	58.0	66.0	23.0	89.0
-	44.0	4.0	48.0	42.0	15.0	57.0	38.0	13.0	51.0	70.0	26.0	96.0
-	42.0	12.0	54.0	45.0	6.0	51.0	41.0	9.0	50.0	70.0	27.0	97.0
-	35.0	21.0	56.0	44.0	7.0	51.0	33.0	27.0	60.0	59.0	15.0	74.0
-	38.0	14.0	52.0	34.0	18.0	52.0	40.0	23.0	63.0	81.0	16.0	97.0
-	41.0	13.0	54.0	35.0	11.0	46.0	34.0	7.0	41.0	66.0	13.0	79.0
-	36.0	17.0	53.0	43.0	26.0	69.0	34.0	29.0	63.0	66.0	230.0	296.0
-	40.0	8.0	48.0	37.0	20.0	57.0	39.0	11.0	50.0	59.0	218.0	277.0
-	39.0	22.0	61.0	35.0	32.0	67.0	33.0	17.0	50.0	70.0	35.0	105.0
-	44.0	52.0	96.0	43.0	7.0	50.0	43.0	5.0	48.0	58.0	34.0	92.0
-	42.0	4.0	46.0	37.0	14.0	51.0	43.0	30.0	73.0	67.0	37.0	104.0
-	43.0	7.0	50.0	51.0	19.0	70.0	34.0	23.0	57.0	73.0	14.0	87.0
-	40.0	10.0	50.0	38.0	15.0	53.0	47.0	8.0	55.0	62.0	14.0	76.0
-	42.0	5.0	47.0	39.0	10.0	49.0	48.0	6.0	54.0	58.0	29.0	87.0
-	45.0	6.0	51.0	44.0	309.0	353.0	36.0	19.0	55.0	52.0	27.0	79.0
-	42.0	25.0	67.0	37.0	100.0	137.0	43.0	2.0	45.0	56.0	26.0	82.0
-	37.0	14.0	51.0	43.0	19.0	62.0	43.0	2.0	45.0	60.0	25.0	85.0
-	35.0	29.0	64.0	41.0	26.0	67.0	42.0	23.0	65.0	58.0	29.0	87.0
-	35.0	16.0	51.0	34.0	119.0	153.0	43.0	14.0	57.0	58.0	43.0	101.0
-	38.0	12.0	50.0	35.0	33.0	68.0	35.0	32.0	67.0	53.0	33.0	86.0
-	34.0	15.0	49.0	42.0	8.0	50.0	39.0	2.0	41.0	56.0	29.0	85.0
-	33.0	29.0	62.0	44.0	19.0	63.0	39.0	24.0	63.0	66.0	10.0	76.0
-	34.0	6.0	40.0	35.0	25.0	60.0	39.0	8.0	47.0	64.0	26.0	90.0
-	40.0	10.0	50.0	42.0	12.0	54.0	44.0	11.0	55.0	72.0	7.0	79.0
-	34.0	16.0	50.0	40.0	23.0	63.0	34.0	25.0	59.0	52.0	23.0	75.0
-	33.0	19.0	52.0	41.0	15.0	56.0	42.0	14.0	56.0	59.0	17.0	76.0
-	34.0	19.0	53.0	34.0	25.0	59.0	42.0	17.0	59.0	74.0	23.0	97.0
-	33.0	6.0	39.0	43.0	18.0	61.0	40.0	8.0	48.0	67.0	12.0	79.0
-	41.0	25.0	66.0	41.0	17.0	58.0	42.0	12.0	54.0	63.0	27.0	90.0
-	34.0	13.0	47.0	34.0	26.0	60.0	40.0	10.0	50.0	60.0	19.0	79.0
-	34.0	25.0	59.0	35.0	27.0	62.0	40.0	15.0	55.0	53.0	41.0	94.0
-	33.0	16.0	49.0	46.0	26.0	72.0	48.0	10.0	58.0	67.0	22.0	89.0
-	40.0	14.0	54.0	44.0	5.0	49.0	35.0	20.0	55.0	54.0	49.0	103.0
-	46.0	4.0	50.0	40.0	15.0	55.0	40.0	6.0	46.0	71.0	15.0	86.0
-	38.0	9.0	47.0	38.0	2.0	40.0	39.0	21.0	60.0	68.0	18.0	86.0
-	33.0	28.0	61.0	34.0	19.0	53.0	41.0	15.0	56.0	70.0	15.0	85.0
-	41.0	12.0	53.0	42.0	10.0	52.0	34.0	15.0	49.0	52.0	31.0	83.0
-	33.0	15.0	48.0	40.0	14.0	54.0	35.0	28.0	63.0	53.0	26.0	79.0
-	33.0	24.0	57.0	34.0	11.0	45.0	35.0	22.0	57.0	69.0	23.0	92.0
-	42.0	3.0	45.0	45.0	5.0	50.0	41.0	15.0	56.0	68.0	16.0	84.0
-	37.0	31.0	68.0	34.0	17.0	51.0	43.0	16.0	59.0	67.0	1.0	68.0
-	44.0	18.0	62.0	44.0	10.0	54.0	35.0	11.0	46.0	53.0	54.0	107.0
-	37.0	18.0	55.0	35.0	10.0	45.0	34.0	22.0	56.0	65.0	23.0	88.0
-	40.0	10.0	50.0	34.0	24.0	58.0	38.0	29.0	67.0	72.0	26.0	98.0
-	39.0	3.0	42.0	51.0	2.0	53.0	45.0	15.0	60.0	61.0	28.0	89.0
-	44.0	16.0	60.0	45.0	23.0	68.0	43.0	8.0	51.0	60.0	23.0	83.0
4 (AVG)	39.8	16.5	56.4	75.2	-13.8	61.4	41.1	29.5	70.7	63.1	33.9	97.0
-	47.0	17.0	64.0	47.0	28.0	75.0	36.0	34.0	70.0	67.0	17.0	84.0
-	36.0	22.0	58.0	40.0	7.0	47.0	46.0	8.0	54.0	54.0	34.0	88.0
-	35.0	20.0	55.0	910.0	-845.0	65.0	40.0	25.0	65.0	61.0	22.0	83.0
-	35.0	21.0	56.0	59.0	-10.0	49.0	47.0	34.0	81.0	58.0	19.0	77.0
-	35.0	15.0	50.0	174.0	-115.0	59.0	37.0	20.0	57.0	68.0	33.0	101.0
-	52.0	5.0	57.0	39.0	21.0	60.0	44.0	14.0	58.0	64.0	27.0	91.0
-	35.0	28.0	63.0	35.0	11.0	46.0	41.0	24.0	65.0	62.0	627.0	689.0
-	44.0	8.0	52.0	35.0	25.0	60.0	39.0	21.0	60.0	66.0	26.0	92.0
-	37.0	14.0	51.0	35.0	14.0	49.0	36.0	33.0	69.0	58.0	27.0	85.0
-	42.0	12.0	54.0	161.0	-112.0	49.0	40.0	10.0	50.0	57.0	46.0	103.0
-	43.0	18.0	61.0	71.0	-31.0	40.0	43.0	15.0	58.0	55.0	16.0	71.0
-	40.0	15.0	55.0	53.0	3.0	56.0	43.0	8.0	51.0	74.0	1.0	75.0
-	36.0	17.0	53.0	339.0	-296.0	43.0	35.0	29.0	64.0	68.0	6.0	74.0
-	37.0	18.0	55.0	38.0	9.0	47.0	44.0	20.0	64.0	57.0	30.0	87.0
-	36.0	21.0	57.0	66.0	-18.0	48.0	46.0	30.0	76.0	54.0	51.0	105.0
-	36.0	28.0	64.0	131.0	-85.0	46.0	37.0	26.0	63.0	61.0	23.0	84.0
-	43.0	.0	43.0	35.0	6.0	41.0	47.0	19.0	66.0	69.0	18.0	87.0
-	50.0	1.0	51.0	106.0	-46.0	60.0	37.0	23.0	60.0	70.0	20.0	90.0
-	46.0	8.0	54.0	93.0	-30.0	63.0	41.0	11.0	52.0	69.0	13.0	82.0
-	44.0	17.0	61.0	47.0	12.0	59.0	38.0	25.0	63.0	66.0	16.0	82.0
-	36.0	26.0	62.0	45.0	15.0	60.0	37.0	401.0	438.0	58.0	40.0	98.0
-	45.0	-2.0	43.0	44.0	2.0	46.0	43.0	55.0	98.0	69.0	15.0	84.0
-	36.0	12.0	48.0	40.0	9.0	49.0	44.0	39.0	83.0	55.0	32.0	87.0
-	36.0	10.0	46.0	36.0	21.0	57.0	43.0	24.0	67.0	62.0	24.0	86.0
-	51.0	2.0	53.0	36.0	23.0	59.0	45.0	32.0	77.0	69.0	16.0	85.0
-	44.0	5.0	49.0	36.0	311.0	347.0	46.0	22.0	68.0	67.0	-3.0	64.0
-	35.0	9.0	44.0	37.0	22.0	59.0	37.0	23.0	60.0	61.0	23.0	84.0
-	41.0	25.0	66.0	36.0	49.0	85.0	40.0	21.0	61.0	59.0	12.0	71.0
-	35.0	19.0	54.0	44.0	24.0	68.0	45.0	12.0	57.0	60.0	23.0	83.0
-	36.0	19.0	55.0	46.0	17.0	63.0	37.0	22.0	59.0	62.0	29.0	91.0
-	35.0	25.0	60.0	44.0	15.0	59.0	41.0	28.0	69.0	65.0	27.0	92.0
-	36.0	25.0	61.0	78.0	-33.0	45.0	39.0	38.0	77.0	65.0	15.0	80.0
-	41.0	10.0	51.0	47.0	.0	47.0	41.0	30.0	71.0	67.0	16.0	83.0
-	35.0	32.0	67.0	55.0	-2.0	53.0	42.0	28.0	70.0	70.0	18.0	88.0
-	45.0	10.0	55.0	37.0	19.0	56.0	44.0	15.0	59.0	63.0	37.0	100.0
-	37.0	20.0	57.0	41.0	23.0	64.0	44.0	15.0	59.0	62.0	21.0	83.0
-	45.0	19.0	64.0	36.0	29.0	65.0	46.0	13.0	59.0	61.0	16.0	77.0
-	46.0	1.0	47.0	36.0	22.0	58.0	44.0	32.0	76.0	63.0	23.0	86.0
-	41.0	21.0	62.0	38.0	9.0	47.0	38.0	21.0	59.0	55.0	28.0	83.0
-	36.0	35.0	71.0	39.0	13.0	52.0	41.0	13.0	54.0	65.0	32.0	97.0
-	35.0	34.0	69.0	48.0	8.0	56.0	36.0	28.0	64.0	64.0	17.0	81.0
-	39.0	14.0	53.0	36.0	25.0	61.0	45.0	14.0	59.0	64.0	21.0	85.0
-	51.0	14.0	65.0	42.0	4.0	46.0	37.0	27.0	64.0	63.0	33.0	96.0
-	36.0	26.0	62.0	36.0	24.0	60.0	43.0	11.0	54.0	65.0	15.0	80.0
-	35.0	27.0	62.0	38.0	8.0	46.0	37.0	22.0	59.0	61.0	9.0	70.0
-	35.0	16.0	51.0	47.0	32.0	79.0	46.0	7.0	53.0	69.0	20.0	89.0
-	44.0	9.0	53.0	44.0	12.0	56.0	39.0	9.0	48.0	55.0	22.0	77.0
-	36.0	27.0	63.0	35.0	24.0	59.0	37.0	11.0	48.0	69.0	12.0	81.0
-	45.0	3.0	48.0	36.0	22.0	58.0	37.0	28.0	65.0	59.0	15.0	74.0
-	35.0	29.0	64.0	35.0	15.0	50.0	46.0	7.0	53.0	71.0	14.0	85.0
8 (AVG)	41.8	19.3	61.1	44.6	60.7	105.3	50.6	18.2	68.8	72.3	25.4	97.7
-	38.0	24.0	62.0	48.0	11.0	59.0	52.0	17.0	69.0	80.0	-4.0	76.0
-	43.0	20.0	63.0	51.0	22.0	73.0	48.0	22.0	70.0	66.0	17.0	83.0
-	37.0	26.0	63.0	39.0	20.0	59.0	48.0	20.0	68.0	72.0	.0	72.0
-	40.0	24.0	64.0	38.0	24.0	62.0	44.0	37.0	81.0	59.0	19.0	78.0
-	41.0	17.0	58.0	39.0	42.0	81.0	46.0	22.0	68.0	61.0	29.0	90.0
-	49.0	2.0	51.0	42.0	30.0	72.0	40.0	25.0	65.0	64.0	37.0	101.0
-	38.0	23.0	61.0	50.0	4.0	54.0	59.0	.0	59.0	70.0	13.0	83.0
-	44.0	21.0	65.0	49.0	22.0	71.0	46.0	21.0	67.0	80.0	2.0	82.0
-	37.0	27.0	64.0	50.0	9.0	59.0	50.0	5.0	55.0	65.0	39.0	104.0
-	39.0	23.0	62.0	44.0	19.0	63.0	45.0	27.0	72.0	65.0	20.0	85.0
-	44.0	18.0	62.0	47.0	12.0	59.0	44.0	39.0	83.0	62.0	20.0	82.0
-	48.0	22.0	70.0	51.0	15.0	66.0	40.0	37.0	77.0	72.0	9.0	81.0
-	38.0	13.0	51.0	43.0	20.0	63.0	47.0	23.0	70.0	243.0	-156.0	87.0
-	41.0	22.0	63.0	43.0	35.0	78.0	48.0	41.0	89.0	118.0	-36.0	82.0
-	47.0	8.0	55.0	40.0	38.0	78.0	40.0	32.0	72.0	75.0	5.0	80.0
-	39.0	32.0	71.0	44.0	31.0	75.0	40.0	23.0	63.0	132.0	-55.0	77.0
-	41.0	24.0	65.0	45.0	19.0	64.0	46.0	20.0	66.0	65.0	33.0	98.0
-	40.0	22.0	62.0	49.0	18.0	67.0	50.0	24.0	74.0	74.0	23.0	97.0
-	44.0	20.0	64.0	41.0	18.0	59.0	42.0	27.0	69.0	72.0	15.0	87.0
-	48.0	14.0	62.0	48.0	20.0	68.0	45.0	27.0	72.0	63.0	7.0	70.0
-	48.0	4.0	52.0	49.0	11.0	60.0	44.0	15.0	59.0	74.0	16.0	90.0
-	47.0	12.0	59.0	45.0	8.0	53.0	40.0	31.0	71.0	67.0	15.0	82.0
-	50.0	-7.0	43.0	46.0	33.0	79.0	44.0	30.0	74.0	61.0	18.0	79.0
-	44.0	14.0	58.0	46.0	25.0	71.0	43.0	34.0	77.0	73.0	10.0	83.0
-	42.0	18.0	60.0	48.0	16.0	64.0	40.0	34.0	74.0	68.0	13.0	81.0
-	41.0	6.0	47.0	48.0	13.0	61.0	44.0	25.0	69.0	56.0	27.0	83.0
-	37.0	24.0	61.0	44.0	32.0	76.0	41.0	20.0	61.0	74.0	532.0	606.0
-	45.0	16.0	61.0	46.0	12.0	58.0	40.0	24.0	64.0	66.0	73.0	139.0
-	43.0	34.0	77.0	48.0	25.0	73.0	45.0	32.0	77.0	66.0	26.0	92.0
-	45.0	31.0	76.0	39.0	26.0	65.0	48.0	18.0	66.0	73.0	2.0	75.0
-	44.0	7.0	51.0	44.0	18.0	62.0	43.0	26.0	69.0	60.0	20.0	80.0
-	38.0	25.0	63.0	43.0	445.0	488.0	43.0	25.0	68.0	55.0	39.0	94.0
-	45.0	22.0	67.0	46.0	827.0	873.0	44.0	11.0	55.0	62.0	23.0	85.0
-	46.0	26.0	72.0	45.0	750.0	795.0	40.0	23.0	63.0	65.0	25.0	90.0
-	43.0	14.0	57.0	46.0	22.0	68.0	39.0	24.0	63.0	94.0	-12.0	82.0
-	38.0	20.0	58.0	50.0	10.0	60.0	51.0	18.0	69.0	65.0	34.0	99.0
-	38.0	16.0	54.0	44.0	22.0	66.0	39.0	36.0	75.0	56.0	32.0	88.0
-	42.0	13.0	55.0	39.0	38.0	77.0	40.0	28.0	68.0	61.0	37.0	98.0
-	45.0	17.0	62.0	39.0	35.0	74.0	50.0	25.0	75.0	64.0	32.0	96.0
-	41.0	27.0	68.0	39.0	25.0	64.0	41.0	26.0	67.0	56.0	30.0	86.0
-	43.0	21.0	64.0	43.0	21.0	64.0	90.0	-25.0	65.0	65.0	18.0	83.0
-	38.0	16.0	54.0	44.0	6.0	50.0	158.0	-103.0	55.0	61.0	27.0	88.0
-	37.0	24.0	61.0	54.0	17.0	71.0	126.0	-45.0	81.0	75.0	5.0	80.0
-	38.0	22.0	60.0	50.0	11.0	61.0	90.0	-27.0	63.0	63.0	31.0	94.0
-	38.0	28.0	66.0	47.0	21.0	68.0	52.0	12.0	64.0	69.0	22.0	91.0
-	41.0	25.0	66.0	47.0	22.0	69.0	51.0	14.0	65.0	64.0	30.0	94.0
-	43.0	19.0	62.0	37.0	28.0	65.0	47.0	26.0	73.0	61.0	25.0	86.0
-	41.0	16.0	57.0	38.0	24.0	62.0	41.0	20.0	61.0	56.0	39.0	95.0
-	36.0	27.0	63.0	38.0	26.0	64.0	46.0	23.0	69.0	64.0	21.0	85.0
-	37.0	28.0	65.0	38.0	37.0	75.0	48.0	23.0	71.0	64.0	23.0	87.0
16 (AVG)	45.6	33.4	79.0	59.9	22.6	82.5	53.8	39.4	93.2	80.6	31.3	111.9
-	42.0	33.0	75.0	49.0	22.0	71.0	53.0	42.0	95.0	70.0	37.0	107.0
-	42.0	13.0	55.0	46.0	44.0	90.0	51.0	40.0	91.0	67.0	23.0	90.0
-	47.0	27.0	74.0	47.0	31.0	78.0	60.0	36.0	96.0	79.0	16.0	95.0
-	42.0	17.0	59.0	45.0	27.0	72.0	57.0	28.0	85.0	64.0	11.0	75.0
-	42.0	27.0	69.0	44.0	32.0	76.0	55.0	20.0	75.0	75.0	32.0	107.0
-	52.0	10.0	62.0	50.0	11.0	61.0	61.0	41.0	102.0	68.0	26.0	94.0
-	43.0	19.0	62.0	47.0	16.0	63.0	67.0	13.0	80.0	65.0	40.0	105.0
-	42.0	15.0	57.0	45.0	22.0	67.0	53.0	32.0	85.0	68.0	27.0	95.0
-	41.0	24.0	65.0	55.0	9.0	64.0	49.0	26.0	75.0	67.0	39.0	106.0
-	41.0	26.0	67.0	52.0	20.0	72.0	48.0	29.0	77.0	61.0	52.0	113.0
-	48.0	15.0	63.0	46.0	37.0	83.0	58.0	29.0	87.0	70.0	24.0	94.0
-	44.0	33.0	77.0	53.0	17.0	70.0	57.0	28.0	85.0	70.0	38.0	108.0
-	49.0	151.0	200.0	53.0	20.0	73.0	55.0	357.0	412.0	70.0	12.0	82.0
-	42.0	400.0	442.0	56.0	25.0	81.0	56.0	31.0	87.0	69.0	44.0	113.0
-	49.0	57.0	106.0	47.0	17.0	64.0	49.0	101.0	150.0	71.0	16.0	87.0
-	47.0	23.0	70.0	53.0	31.0	84.0	53.0	33.0	86.0	81.0	12.0	93.0
-	54.0	10.0	64.0	46.0	28.0	74.0	47.0	42.0	89.0	67.0	30.0	97.0
-	49.0	18.0	67.0	57.0	21.0	78.0	55.0	38.0	93.0	77.0	37.0	114.0
-	51.0	21.0	72.0	330.0	-257.0	73.0	60.0	23.0	83.0	62.0	43.0	105.0
-	44.0	20.0	64.0	159.0	-84.0	75.0	55.0	40.0	95.0	78.0	22.0	100.0
-	43.0	37.0	80.0	167.0	-87.0	80.0	50.0	34.0	84.0	224.0	-107.0	117.0
-	43.0	27.0	70.0	56.0	11.0	67.0	50.0	26.0	76.0	169.0	-70.0	99.0
-	42.0	27.0	69.0	50.0	16.0	66.0	49.0	37.0	86.0	114.0	-10.0	104.0
-	41.0	23.0	64.0	54.0	10.0	64.0	57.0	27.0	84.0	76.0	559.0	635.0
-	43.0	34.0	77.0	47.0	26.0	73.0	48.0	36.0	84.0	66.0	138.0	204.0
-	52.0	34.0	86.0	45.0	23.0	68.0	49.0	42.0	91.0	77.0	16.0	93.0
-	52.0	20.0	72.0	44.0	24.0	68.0	48.0	42.0	90.0	66.0	33.0	99.0
-	53.0	19.0	72.0	55.0	11.0	66.0	53.0	33.0	86.0	72.0	31.0	103.0
-	41.0	21.0	62.0	43.0	27.0	70.0	56.0	26.0	82.0	72.0	7.0	79.0
-	48.0	24.0	72.0	51.0	26.0	77.0	60.0	29.0	89.0	62.0	45.0	107.0
-	48.0	26.0	74.0	47.0	21.0	68.0	55.0	25.0	80.0	65.0	31.0	96.0
-	43.0	33.0	76.0	53.0	9.0	62.0	52.0	25.0	77.0	61.0	30.0	91.0
-	42.0	20.0	62.0	51.0	19.0	70.0	49.0	29.0	78.0	73.0	17.0	90.0
-	51.0	11.0	62.0	43.0	41.0	84.0	55.0	46.0	101.0	70.0	26.0	96.0
-	49.0	23.0	72.0	54.0	35.0	89.0	53.0	26.0	79.0	63.0	39.0	102.0
-	47.0	23.0	70.0	50.0	18.0	68.0	50.0	43.0	93.0	67.0	19.0	86.0
-	42.0	18.0	60.0	51.0	24.0	75.0	53.0	34.0	87.0	68.0	28.0	96.0
-	42.0	30.0	72.0	45.0	24.0	69.0	55.0	25.0	80.0	77.0	4.0	81.0
-	51.0	18.0	69.0	46.0	23.0	69.0	60.0	29.0	89.0	76.0	10.0	86.0
-	42.0	23.0	65.0	53.0	11.0	64.0	58.0	21.0	79.0	81.0	6.0	87.0
-	43.0	18.0	61.0	56.0	367.0	423.0	56.0	32.0	88.0	89.0	29.0	118.0
-	51.0	30.0	81.0	55.0	65.0	120.0	55.0	17.0	72.0	104.0	10.0	114.0
-	44.0	18.0	62.0	56.0	69.0	125.0	53.0	31.0	84.0	93.0	-22.0	71.0
-	49.0	27.0	76.0	51.0	45.0	96.0	48.0	33.0	81.0	100.0	-2.0	98.0
-	42.0	22.0	64.0	45.0	18.0	63.0	48.0	44.0	92.0	94.0	14.0	108.0
-	43.0	32.0	75.0	45.0	22.0	67.0	58.0	25.0	83.0	86.0	61.0	147.0
-	43.0	30.0	73.0	48.0	71.0	119.0	53.0	38.0	91.0	96.0	13.0	109.0
-	49.0	6.0	55.0	52.0	20.0	72.0	59.0	21.0	80.0	98.0	25.0	123.0
-	46.0	14.0	60.0	46.0	33.0	79.0	52.0	39.0	91.0	89.0	6.0	95.0
-	42.0	24.0	66.0	55.0	18.0	73.0	48.0	25.0	73.0	81.0	-1.0	80.0
32 (AVG)	55.0	21.7	76.7	61.4	56.3	117.7	73.5	48.6	122.0	80.5	23.5	104.1
-	53.0	19.0	72.0	57.0	26.0	83.0	75.0	52.0	127.0	75.0	23.0	98.0
-	75.0	20.0	95.0	61.0	40.0	101.0	69.0	55.0	124.0	77.0	25.0	102.0
-	58.0	21.0	79.0	62.0	31.0	93.0	63.0	43.0	106.0	74.0	33.0	107.0
-	52.0	14.0	66.0	66.0	12.0	78.0	62.0	55.0	117.0	79.0	13.0	92.0
-	59.0	13.0	72.0	58.0	32.0	90.0	69.0	49.0	118.0	76.0	27.0	103.0
-	52.0	21.0	73.0	68.0	16.0	84.0	72.0	39.0	111.0	74.0	26.0	100.0
-	57.0	28.0	85.0	56.0	30.0	86.0	63.0	55.0	118.0	70.0	35.0	105.0
-	52.0	20.0	72.0	57.0	22.0	79.0	67.0	47.0	114.0	88.0	20.0	108.0
-	52.0	25.0	77.0	56.0	32.0	88.0	67.0	58.0	125.0	69.0	33.0	102.0
-	53.0	20.0	73.0	56.0	24.0	80.0	63.0	50.0	113.0	83.0	20.0	103.0
-	55.0	19.0	74.0	66.0	20.0	86.0	69.0	45.0	114.0	71.0	14.0	85.0
-	52.0	34.0	86.0	69.0	21.0	90.0	69.0	41.0	110.0	78.0	8.0	86.0
-	55.0	15.0	70.0	63.0	25.0	88.0	61.0	49.0	110.0	77.0	11.0	88.0
-	53.0	16.0	69.0	59.0	33.0	92.0	62.0	51.0	113.0	83.0	9.0	92.0
-	53.0	16.0	69.0	57.0	39.0	96.0	72.0	47.0	119.0	83.0	19.0	102.0
-	53.0	44.0	97.0	61.0	25.0	86.0	146.0	-23.0	123.0	81.0	23.0	104.0
-	51.0	23.0	74.0	64.0	29.0	93.0	198.0	-79.0	119.0	71.0	26.0	97.0
-	59.0	10.0	69.0	63.0	35.0	98.0	98.0	12.0	110.0	182.0	-90.0	92.0
-	61.0	18.0	79.0	56.0	40.0	96.0	64.0	53.0	117.0	71.0	22.0	93.0
-	53.0	15.0	68.0	61.0	17.0	78.0	64.0	42.0	106.0	70.0	20.0	90.0
-	52.0	12.0	64.0	66.0	29.0	95.0	77.0	277.0	354.0	96.0	-3.0	93.0
-	52.0	30.0	82.0	56.0	227.0	283.0	66.0	50.0	116.0	84.0	12.0	96.0
-	52.0	37.0	89.0	66.0	268.0	334.0	72.0	48.0	120.0	69.0	24.0	93.0
-	61.0	10.0	71.0	66.0	482.0	548.0	64.0	62.0	126.0	73.0	23.0	96.0
-	55.0	26.0	81.0	61.0	414.0	475.0	61.0	62.0	123.0	79.0	21.0	100.0
-	53.0	39.0	92.0	66.0	161.0	227.0	72.0	37.0	109.0	85.0	15.0	100.0
-	57.0	17.0	74.0	67.0	35.0	102.0	72.0	44.0	116.0	89.0	7.0	96.0
-	63.0	14.0	77.0	57.0	27.0	84.0	64.0	55.0	119.0	92.0	12.0	104.0
-	53.0	23.0	76.0	62.0	28.0	90.0	66.0	42.0	108.0	87.0	9.0	96.0
-	58.0	24.0	82.0	57.0	38.0	95.0	61.0	58.0	119.0	87.0	15.0	102.0
-	53.0	23.0	76.0	63.0	41.0	104.0	62.0	67.0	129.0	70.0	26.0	96.0
-	58.0	21.0	79.0	67.0	17.0	84.0	89.0	37.0	126.0	87.0	16.0	103.0
-	58.0	13.0	71.0	56.0	33.0	89.0	76.0	35.0	111.0	80.0	43.0	123.0
-	56.0	24.0	80.0	59.0	35.0	94.0	74.0	40.0	114.0	85.0	211.0	296.0
-	52.0	27.0	79.0	62.0	30.0	92.0	67.0	36.0	103.0	92.0	30.0	122.0
-	52.0	21.0	73.0	67.0	20.0	87.0	62.0	57.0	119.0	77.0	54.0	131.0
-	52.0	31.0	83.0	61.0	42.0	103.0	71.0	77.0	148.0	81.0	12.0	93.0
-	52.0	26.0	78.0	63.0	23.0	86.0	68.0	60.0	128.0	82.0	6.0	88.0
-	53.0	26.0	79.0	58.0	21.0	79.0	82.0	37.0	119.0	73.0	26.0	99.0
-	56.0	27.0	83.0	65.0	29.0	94.0	88.0	18.0	106.0	77.0	35.0	112.0
-	52.0	21.0	73.0	65.0	23.0	88.0	85.0	20.0	105.0	69.0	40.0	109.0
-	59.0	18.0	77.0	67.0	28.0	95.0	88.0	34.0	122.0	72.0	28.0	100.0
-	53.0	23.0	76.0	57.0	30.0	87.0	62.0	50.0	112.0	72.0	23.0	95.0
-	53.0	19.0	72.0	56.0	30.0	86.0	62.0	59.0	121.0	81.0	31.0	112.0
-	51.0	15.0	66.0	65.0	14.0	79.0	61.0	59.0	120.0	78.0	21.0	99.0
-	60.0	18.0	78.0	60.0	22.0	82.0	61.0	60.0	121.0	79.0	16.0	95.0
-	52.0	26.0	78.0	56.0	37.0	93.0	61.0	56.0	117.0	71.0	36.0	107.0
-	52.0	29.0	81.0	60.0	26.0	86.0	81.0	33.0	114.0	83.0	20.0	103.0
-	52.0	12.0	64.0	66.0	26.0	92.0	63.0	55.0	118.0	71.0	21.0	92.0
-	60.0	22.0	82.0	56.0	32.0	88.0	62.0	63.0	125.0	74.0	30.0	104.0
64 (AVG)	74.3	43.9	118.1	90.7	45.6	136.3	97.6	105.9	203.5	101.5	25.1	126.6
-	69.0	26.0	95.0	79.0	52.0	131.0	98.0	93.0	191.0	100.0	12.0	112.0
-	78.0	28.0	106.0	90.0	35.0	125.0	98.0	97.0	195.0	97.0	21.0	118.0
-	75.0	17.0	92.0	78.0	63.0	141.0	96.0	95.0	191.0	101.0	19.0	120.0
-	78.0	45.0	123.0	96.0	48.0	144.0	93.0	118.0	211.0	98.0	20.0	118.0
-	74.0	20.0	94.0	85.0	70.0	155.0	88.0	109.0	197.0	98.0	24.0	122.0
-	71.0	24.0	95.0	86.0	60.0	146.0	88.0	112.0	200.0	101.0	14.0	115.0
-	74.0	28.0	102.0	83.0	64.0	147.0	92.0	105.0	197.0	94.0	17.0	111.0
-	70.0	38.0	108.0	83.0	40.0	123.0	93.0	96.0	189.0	89.0	25.0	114.0
-	71.0	28.0	99.0	82.0	46.0	128.0	89.0	100.0	189.0	93.0	23.0	116.0
-	70.0	28.0	98.0	79.0	53.0	132.0	99.0	106.0	205.0	98.0	21.0	119.0
-	80.0	24.0	104.0	79.0	49.0	128.0	98.0	179.0	277.0	104.0	10.0	114.0
-	79.0	18.0	97.0	84.0	39.0	123.0	89.0	190.0	279.0	106.0	13.0	119.0
-	75.0	26.0	101.0	79.0	58.0	137.0	93.0	107.0	200.0	100.0	28.0	128.0
-	75.0	21.0	96.0	97.0	26.0	123.0	91.0	109.0	200.0	98.0	33.0	131.0
-	77.0	36.0	113.0	103.0	28.0	131.0	100.0	91.0	191.0	98.0	324.0	422.0
-	71.0	35.0	106.0	91.0	35.0	126.0	96.0	126.0	222.0	96.0	91.0	187.0
-	70.0	36.0	106.0	108.0	18.0	126.0	98.0	105.0	203.0	91.0	37.0	128.0
-	70.0	31.0	101.0	116.0	6.0	122.0	89.0	113.0	202.0	96.0	14.0	110.0
-	80.0	16.0	96.0	77.0	57.0	134.0	93.0	102.0	195.0	181.0	-62.0	119.0
-	80.0	33.0	113.0	89.0	31.0	120.0	87.0	119.0	206.0	120.0	-8.0	112.0
-	71.0	30.0	101.0	99.0	24.0	123.0	179.0	27.0	206.0	133.0	-5.0	128.0
-	70.0	34.0	104.0	89.0	30.0	119.0	118.0	97.0	215.0	90.0	25.0	115.0
-	74.0	26.0	100.0	88.0	48.0	136.0	142.0	48.0	190.0	100.0	29.0	129.0
-	70.0	34.0	104.0	78.0	65.0	143.0	105.0	91.0	196.0	106.0	12.0	118.0
-	71.0	30.0	101.0	77.0	46.0	123.0	93.0	107.0	200.0	101.0	24.0	125.0
-	74.0	23.0	97.0	84.0	38.0	122.0	88.0	116.0	204.0	96.0	25.0	121.0
-	79.0	29.0	108.0	81.0	66.0	147.0	97.0	100.0	197.0	98.0	23.0	121.0
-	72.0	33.0	105.0	85.0	44.0	129.0	97.0	87.0	184.0	94.0	37.0	131.0
-	70.0	29.0	99.0	82.0	50.0	132.0	105.0	91.0	196.0	107.0	8.0	115.0
-	79.0	8.0	87.0	86.0	29.0	115.0	87.0	107.0	194.0	101.0	32.0	133.0
-	73.0	37.0	110.0	78.0	43.0	121.0	99.0	113.0	212.0	88.0	27.0	115.0
-	77.0	27.0	104.0	84.0	55.0	139.0	98.0	93.0	191.0	105.0	10.0	115.0
-	78.0	17.0	95.0	91.0	46.0	137.0	108.0	91.0	199.0	107.0	9.0	116.0
-	82.0	10.0	92.0	88.0	35.0	123.0	104.0	90.0	194.0	91.0	23.0	114.0
-	76.0	25.0	101.0	84.0	48.0	132.0	104.0	110.0	214.0	109.0	12.0	121.0
-	76.0	26.0	102.0	80.0	92.0	172.0	90.0	192.0	282.0	118.0	4.0	122.0
-	69.0	19.0	88.0	338.0	-42.0	296.0	88.0	130.0	218.0	96.0	34.0	130.0
-	70.0	37.0	107.0	78.0	53.0	131.0	88.0	116.0	204.0	109.0	6.0	115.0
-	78.0	17.0	95.0	78.0	68.0	146.0	106.0	92.0	198.0	108.0	21.0	129.0
-	76.0	22.0	98.0	83.0	53.0	136.0	89.0	124.0	213.0	97.0	13.0	110.0
-	73.0	793.0	866.0	80.0	52.0	132.0	98.0	90.0	188.0	90.0	23.0	113.0
-	70.0	122.0	192.0	86.0	42.0	128.0	88.0	102.0	190.0	98.0	4.0	102.0
-	78.0	29.0	107.0	94.0	53.0	147.0	88.0	111.0	199.0	106.0	-6.0	100.0
-	71.0	16.0	87.0	83.0	50.0	133.0	91.0	93.0	184.0	92.0	22.0	114.0
-	79.0	17.0	96.0	80.0	63.0	143.0	93.0	105.0	198.0	87.0	35.0	122.0
-	75.0	27.0	102.0	89.0	55.0	144.0	88.0	116.0	204.0	98.0	20.0	118.0
-	71.0	34.0	105.0	89.0	34.0	123.0	94.0	100.0	194.0	109.0	29.0	138.0
-	78.0	31.0	109.0	79.0	54.0	133.0	88.0	98.0	186.0	95.0	30.0	125.0
-	76.0	20.0	96.0	77.0	64.0	141.0	98.0	92.0	190.0	91.0	36.0	127.0
-	70.0	33.0	103.0	84.0	43.0	127.0	100.0	95.0	195.0	98.0	17.0	115.0
128 (AVG)	114.0	48.2	162.2	126.0	113.9	239.9	146.2	263.7	409.9	137.8	23.2	161.0
-	115.0	57.0	172.0	124.0	158.0	282.0	149.0	244.0	393.0	133.0	36.0	169.0
-	111.0	50.0	161.0	130.0	188.0	318.0	153.0	253.0	406.0	135.0	29.0	164.0
-	106.0	51.0	157.0	125.0	109.0	234.0	150.0	322.0	472.0	138.0	14.0	152.0
-	108.0	42.0	150.0	136.0	101.0	237.0	147.0	256.0	403.0	134.0	33.0	167.0
-	109.0	50.0	159.0	122.0	106.0	228.0	146.0	263.0	409.0	143.0	22.0	165.0
-	111.0	54.0	165.0	122.0	119.0	241.0	140.0	285.0	425.0	170.0	-23.0	147.0
-	106.0	41.0	147.0	128.0	105.0	233.0	140.0	261.0	401.0	123.0	25.0	148.0
-	111.0	49.0	160.0	121.0	114.0	235.0	147.0	255.0	402.0	140.0	26.0	166.0
-	107.0	63.0	170.0	124.0	108.0	232.0	140.0	253.0	393.0	189.0	-44.0	145.0
-	114.0	38.0	152.0	127.0	113.0	240.0	151.0	303.0	454.0	127.0	40.0	167.0
-	114.0	46.0	160.0	163.0	73.0	236.0	139.0	270.0	409.0	131.0	14.0	145.0
-	112.0	43.0	155.0	121.0	117.0	238.0	139.0	304.0	443.0	136.0	17.0	153.0
-	109.0	47.0	156.0	133.0	93.0	226.0	143.0	258.0	401.0	138.0	28.0	166.0
-	111.0	36.0	147.0	125.0	96.0	221.0	146.0	247.0	393.0	142.0	27.0	169.0
-	112.0	29.0	141.0	126.0	115.0	241.0	139.0	352.0	491.0	145.0	.0	145.0
-	111.0	41.0	152.0	124.0	107.0	231.0	141.0	264.0	405.0	136.0	3.0	139.0
-	106.0	40.0	146.0	121.0	115.0	236.0	148.0	260.0	408.0	134.0	21.0	155.0
-	111.0	47.0	158.0	121.0	118.0	239.0	140.0	271.0	411.0	127.0	40.0	167.0
-	108.0	45.0	153.0	134.0	93.0	227.0	143.0	275.0	418.0	138.0	26.0	164.0
-	107.0	67.0	174.0	122.0	99.0	221.0	146.0	254.0	400.0	139.0	22.0	161.0
-	108.0	47.0	155.0	128.0	105.0	233.0	140.0	266.0	406.0	134.0	41.0	175.0
-	115.0	32.0	147.0	131.0	103.0	234.0	188.0	229.0	417.0	153.0	-4.0	149.0
-	118.0	27.0	145.0	125.0	136.0	261.0	141.0	253.0	394.0	126.0	31.0	157.0
-	121.0	26.0	147.0	121.0	121.0	242.0	139.0	270.0	409.0	127.0	21.0	148.0
-	115.0	42.0	157.0	121.0	115.0	236.0	147.0	242.0	389.0	133.0	14.0	147.0
-	117.0	51.0	168.0	131.0	105.0	236.0	141.0	244.0	385.0	132.0	24.0	156.0
-	107.0	73.0	180.0	121.0	122.0	243.0	141.0	254.0	395.0	130.0	21.0	151.0
-	113.0	40.0	153.0	121.0	118.0	239.0	141.0	279.0	420.0	124.0	121.0	245.0
-	114.0	48.0	162.0	130.0	100.0	230.0	140.0	246.0	386.0	133.0	102.0	235.0
-	114.0	273.0	387.0	122.0	112.0	234.0	160.0	252.0	412.0	126.0	17.0	143.0
-	106.0	58.0	164.0	125.0	114.0	239.0	140.0	255.0	395.0	132.0	43.0	175.0
-	113.0	47.0	160.0	122.0	130.0	252.0	150.0	257.0	407.0	129.0	18.0	147.0
-	115.0	30.0	145.0	125.0	107.0	232.0	143.0	250.0	393.0	141.0	25.0	166.0
-	106.0	36.0	142.0	128.0	100.0	228.0	140.0	267.0	407.0	132.0	11.0	143.0
-	113.0	65.0	178.0	129.0	113.0	242.0	139.0	258.0	397.0	133.0	20.0	153.0
-	108.0	44.0	152.0	122.0	107.0	229.0	141.0	249.0	390.0	134.0	29.0	163.0
-	106.0	52.0	158.0	121.0	120.0	241.0	146.0	280.0	426.0	141.0	10.0	151.0
-	114.0	46.0	160.0	125.0	98.0	223.0	139.0	270.0	409.0	136.0	35.0	171.0
-	112.0	52.0	164.0	121.0	109.0	230.0	141.0	329.0	470.0	134.0	29.0	163.0
-	114.0	33.0	147.0	125.0	103.0	228.0	149.0	249.0	398.0	133.0	20.0	153.0
-	116.0	78.0	194.0	128.0	115.0	243.0	165.0	228.0	393.0	129.0	23.0	152.0
-	105.0	75.0	180.0	129.0	111.0	240.0	163.0	233.0	396.0	133.0	45.0	178.0
-	113.0	41.0	154.0	127.0	229.0	356.0	167.0	240.0	407.0	124.0	42.0	166.0
-	106.0	37.0	143.0	121.0	103.0	224.0	143.0	274.0	417.0	132.0	29.0	161.0
-	107.0	51.0	158.0	129.0	116.0	245.0	155.0	242.0	397.0	133.0	29.0	162.0
-	106.0	53.0	159.0	130.0	114.0	244.0	145.0	262.0	407.0	221.0	-65.0	156.0
-	271.0	-119.0	152.0	121.0	108.0	229.0	141.0	285.0	426.0	130.0	44.0	174.0
-	106.0	61.0	167.0	120.0	115.0	235.0	150.0	253.0	403.0	155.0	.0	155.0
-	114.0	38.0	152.0	127.0	99.0	226.0	148.0	255.0	403.0	139.0	8.0	147.0
-	106.0	39.0	145.0	123.0	102.0	225.0	142.0	264.0	406.0	133.0	21.0	154.0
256 (AVG)	183.8	108.7	292.4	212.9	311.9	524.8	250.0	787.8	1037.8	205.7	26.5	232.2
-	185.0	92.0	277.0	218.0	287.0	505.0	254.0	778.0	1032.0	218.0	19.0	237.0
-	175.0	97.0	272.0	209.0	304.0	513.0	246.0	790.0	1036.0	203.0	28.0	231.0
-	176.0	95.0	271.0	208.0	315.0	523.0	246.0	856.0	1102.0	201.0	87.0	288.0
-	175.0	100.0	275.0	208.0	425.0	633.0	248.0	794.0	1042.0	203.0	18.0	221.0
-	174.0	97.0	271.0	224.0	322.0	546.0	248.0	787.0	1035.0	236.0	-8.0	228.0
-	178.0	99.0	277.0	211.0	297.0	508.0	250.0	797.0	1047.0	235.0	-11.0	224.0
-	185.0	328.0	513.0	208.0	310.0	518.0	252.0	778.0	1030.0	207.0	46.0	253.0
-	174.0	168.0	342.0	212.0	295.0	507.0	262.0	766.0	1028.0	193.0	34.0	227.0
-	190.0	81.0	271.0	217.0	293.0	510.0	254.0	778.0	1032.0	213.0	-5.0	208.0
-	182.0	92.0	274.0	207.0	319.0	526.0	245.0	790.0	1035.0	200.0	31.0	231.0
-	184.0	153.0	337.0	207.0	318.0	525.0	249.0	783.0	1032.0	214.0	-3.0	211.0
-	181.0	94.0	275.0	219.0	297.0	516.0	243.0	765.0	1008.0	215.0	15.0	230.0
-	179.0	101.0	280.0	219.0	302.0	521.0	252.0	776.0	1028.0	204.0	36.0	240.0
-	177.0	104.0	281.0	237.0	288.0	525.0	251.0	766.0	1017.0	196.0	24.0	220.0
-	182.0	141.0	323.0	211.0	316.0	527.0	243.0	794.0	1037.0	209.0	19.0	228.0
-	182.0	131.0	313.0	230.0	281.0	511.0	255.0	787.0	1042.0	194.0	27.0	221.0
-	174.0	99.0	273.0	211.0	300.0	511.0	250.0	773.0	1023.0	201.0	6.0	207.0
-	183.0	95.0	278.0	215.0	300.0	515.0	256.0	787.0	1043.0	207.0	23.0	230.0
-	175.0	93.0	268.0	208.0	325.0	533.0	246.0	776.0	1022.0	203.0	34.0	237.0
-	175.0	100.0	275.0	216.0	294.0	510.0	264.0	767.0	1031.0	194.0	33.0	227.0
-	178.0	99.0	277.0	208.0	315.0	523.0	248.0	793.0	1041.0	201.0	17.0	218.0
-	175.0	99.0	274.0	207.0	361.0	568.0	263.0	772.0	1035.0	207.0	48.0	255.0
-	185.0	80.0	265.0	216.0	305.0	521.0	249.0	833.0	1082.0	216.0	11.0	227.0
-	187.0	73.0	260.0	206.0	318.0	524.0	250.0	779.0	1029.0	206.0	12.0	218.0
-	184.0	125.0	309.0	207.0	315.0	522.0	256.0	762.0	1018.0	205.0	65.0	270.0
-	181.0	104.0	285.0	209.0	313.0	522.0	246.0	782.0	1028.0	202.0	50.0	252.0
-	183.0	97.0	280.0	209.0	295.0	504.0	248.0	775.0	1023.0	195.0	54.0	249.0
-	175.0	100.0	275.0	217.0	284.0	501.0	243.0	784.0	1027.0	197.0	30.0	227.0
-	177.0	103.0	280.0	208.0	409.0	617.0	246.0	779.0	1025.0	236.0	-6.0	230.0
-	181.0	82.0	263.0	213.0	298.0	511.0	244.0	766.0	1010.0	197.0	31.0	228.0
-	176.0	135.0	311.0	214.0	293.0	507.0	247.0	780.0	1027.0	201.0	14.0	215.0
-	181.0	91.0	272.0	222.0	298.0	520.0	246.0	778.0	1024.0	199.0	27.0	226.0
-	175.0	96.0	271.0	216.0	309.0	525.0	249.0	903.0	1152.0	206.0	5.0	211.0
-	398.0	-127.0	271.0	208.0	296.0	504.0	245.0	796.0	1041.0	202.0	8.0	210.0
-	175.0	108.0	283.0	206.0	300.0	506.0	251.0	768.0	1019.0	199.0	22.0	221.0
-	186.0	90.0	276.0	212.0	298.0	510.0	256.0	774.0	1030.0	217.0	14.0	231.0
-	179.0	159.0	338.0	223.0	300.0	523.0	244.0	792.0	1036.0	207.0	27.0	234.0
-	186.0	90.0	276.0	208.0	326.0	534.0	259.0	777.0	1036.0	205.0	25.0	230.0
-	180.0	132.0	312.0	220.0	281.0	501.0	257.0	761.0	1018.0	195.0	22.0	217.0
-	183.0	142.0	325.0	206.0	412.0	618.0	246.0	831.0	1077.0	198.0	36.0	234.0
-	175.0	263.0	438.0	210.0	321.0	531.0	245.0	791.0	1036.0	201.0	39.0	240.0
-	186.0	89.0	275.0	218.0	330.0	548.0	255.0	782.0	1037.0	203.0	29.0	232.0
-	186.0	77.0	263.0	212.0	297.0	509.0	254.0	795.0	1049.0	219.0	5.0	224.0
-	175.0	122.0	297.0	210.0	304.0	514.0	251.0	836.0	1087.0	198.0	27.0	225.0
-	174.0	112.0	286.0	210.0	300.0	510.0	252.0	772.0	1024.0	211.0	5.0	216.0
-	178.0	134.0	312.0	207.0	306.0	513.0	252.0	827.0	1079.0	200.0	29.0	229.0
-	176.0	105.0	281.0	210.0	307.0	517.0	254.0	768.0	1022.0	211.0	108.0	319.0
-	174.0	104.0	278.0	215.0	303.0	518.0	243.0	784.0	1027.0	194.0	72.0	266.0
-	174.0	103.0	277.0	213.0	315.0	528.0	243.0	765.0	1008.0	202.0	28.0	230.0
-	179.0	87.0	266.0	211.0	298.0	509.0	244.0	799.0	1043.0	210.0	18.0	228.0
512 (AVG)	323.1	268.3	591.4	383.0	1044.5	1427.5	460.7	2660.8	3121.5	344.2	32.7	376.9
-	340.0	255.0	595.0	381.0	1039.0	1420.0	456.0	2728.0	3184.0	358.0	11.0	369.0
-	321.0	300.0	621.0	389.0	1030.0	1419.0	466.0	2639.0	3105.0	345.0	18.0	363.0
-	317.0	275.0	592.0	382.0	1047.0	1429.0	466.0	2621.0	3087.0	345.0	10.0	355.0
-	325.0	251.0	576.0	377.0	1029.0	1406.0	460.0	2636.0	3096.0	347.0	16.0	363.0
-	314.0	262.0	576.0	379.0	1024.0	1403.0	454.0	2620.0	3074.0	336.0	38.0	374.0
-	314.0	277.0	591.0	382.0	1032.0	1414.0	485.0	2617.0	3102.0	342.0	248.0	590.0
-	323.0	246.0	569.0	378.0	1021.0	1399.0	452.0	2746.0	3198.0	341.0	15.0	356.0
-	316.0	270.0	586.0	379.0	1092.0	1471.0	467.0	2630.0	3097.0	338.0	28.0	366.0
-	328.0	245.0	573.0	380.0	1034.0	1414.0	453.0	2630.0	3083.0	333.0	26.0	359.0
-	331.0	248.0	579.0	389.0	1015.0	1404.0	462.0	2725.0	3187.0	344.0	23.0	367.0
-	331.0	254.0	585.0	379.0	1051.0	1430.0	453.0	2661.0	3114.0	342.0	23.0	365.0
-	318.0	274.0	592.0	395.0	1028.0	1423.0	457.0	2746.0	3203.0	349.0	15.0	364.0
-	328.0	269.0	597.0	389.0	1022.0	1411.0	457.0	2746.0	3203.0	344.0	32.0	376.0
-	319.0	247.0	566.0	384.0	1040.0	1424.0	461.0	2626.0	3087.0	350.0	9.0	359.0
-	342.0	249.0	591.0	380.0	1038.0	1418.0	458.0	2655.0	3113.0	347.0	21.0	368.0
-	339.0	244.0	583.0	390.0	1036.0	1426.0	457.0	2756.0	3213.0	335.0	35.0	370.0
-	319.0	264.0	583.0	379.0	1027.0	1406.0	474.0	2733.0	3207.0	345.0	28.0	373.0
-	319.0	258.0	577.0	383.0	1012.0	1395.0	466.0	2558.0	3024.0	346.0	44.0	390.0
-	328.0	325.0	653.0	383.0	1023.0	1406.0	454.0	2635.0	3089.0	342.0	56.0	398.0
-	320.0	281.0	601.0	378.0	1042.0	1420.0	456.0	2640.0	3096.0	343.0	28.0	371.0
-	314.0	264.0	578.0	383.0	1026.0	1409.0	453.0	2650.0	3103.0	345.0	34.0	379.0
-	329.0	341.0	670.0	378.0	1229.0	1607.0	459.0	2700.0	3159.0	346.0	14.0	360.0
-	324.0	247.0	571.0	374.0	1049.0	1423.0	465.0	2636.0	3101.0	344.0	35.0	379.0
-	325.0	262.0	587.0	377.0	1041.0	1418.0	454.0	2627.0	3081.0	336.0	24.0	360.0
-	321.0	270.0	591.0	379.0	1017.0	1396.0	459.0	2578.0	3037.0	346.0	23.0	369.0
-	321.0	271.0	592.0	392.0	1017.0	1409.0	458.0	2750.0	3208.0	349.0	16.0	365.0
-	317.0	279.0	596.0	387.0	1034.0	1421.0	455.0	2678.0	3133.0	355.0	8.0	363.0
-	317.0	262.0	579.0	384.0	1049.0	1433.0	463.0	2631.0	3094.0	356.0	12.0	368.0
-	331.0	334.0	665.0	381.0	1149.0	1530.0	461.0	2659.0	3120.0	339.0	31.0	370.0
-	323.0	270.0	593.0	378.0	1041.0	1419.0	463.0	2787.0	3250.0	354.0	25.0	379.0
-	314.0	264.0	578.0	391.0	1029.0	1420.0	465.0	2581.0	3046.0	345.0	21.0	366.0
-	317.0	275.0	592.0	377.0	1054.0	1431.0	467.0	2742.0	3209.0	342.0	21.0	363.0
-	317.0	266.0	583.0	376.0	1034.0	1410.0	454.0	2663.0	3117.0	345.0	27.0	372.0
-	318.0	253.0	571.0	385.0	1020.0	1405.0	453.0	2644.0	3097.0	335.0	73.0	408.0
-	324.0	280.0	604.0	400.0	1011.0	1411.0	452.0	2657.0	3109.0	345.0	43.0	388.0
-	320.0	265.0	585.0	380.0	1021.0	1401.0	456.0	2720.0	3176.0	333.0	48.0	381.0
-	328.0	248.0	576.0	381.0	1016.0	1397.0	455.0	2631.0	3086.0	336.0	34.0	370.0
-	317.0	298.0	615.0	390.0	1041.0	1431.0	466.0	2770.0	3236.0	335.0	20.0	355.0
-	325.0	246.0	571.0	377.0	1187.0	1564.0	511.0	2579.0	3090.0	342.0	32.0	374.0
-	328.0	297.0	625.0	382.0	1042.0	1424.0	457.0	2631.0	3088.0	336.0	37.0	373.0
-	328.0	254.0	582.0	385.0	1020.0	1405.0	480.0	2620.0	3100.0	339.0	24.0	363.0
-	319.0	265.0	584.0	383.0	1055.0	1438.0	455.0	2648.0	3103.0	347.0	18.0	365.0
-	319.0	265.0	584.0	381.0	1078.0	1459.0	462.0	2693.0	3155.0	349.0	23.0	372.0
-	322.0	250.0	572.0	377.0	1031.0	1408.0	456.0	2635.0	3091.0	360.0	25.0	385.0
-	325.0	266.0	591.0	383.0	1034.0	1417.0	452.0	2637.0	3089.0	351.0	29.0	380.0
-	330.0	262.0	592.0	383.0	1056.0	1439.0	456.0	2658.0	3114.0	347.0	4.0	351.0
-	329.0	257.0	586.0	385.0	1042.0	1427.0	460.0	2657.0	3117.0	348.0	137.0	485.0
-	324.0	280.0	604.0	391.0	1043.0	1434.0	455.0	2627.0	3082.0	336.0	45.0	381.0
-	319.0	265.0	584.0	388.0	1056.0	1444.0	465.0	2624.0	3089.0	340.0	16.0	356.0
-	319.0	263.0	582.0	387.0	1020.0	1407.0	453.0	2580.0	3033.0	357.0	10.0	367.0
1024 (AVG)	597.6	903.1	1500.8	728.9	3640.0	4369.0	890.8	9105.1	9995.9	635.4	30.3	665.7
-	600.0	877.0	1477.0	809.0	3387.0	4196.0	911.0	9080.0	9991.0	643.0	46.0	689.0
-	591.0	893.0	1484.0	720.0	3599.0	4319.0	896.0	8839.0	9735.0	626.0	3.0	629.0
-	596.0	886.0	1482.0	717.0	3672.0	4389.0	871.0	8939.0	9810.0	614.0	41.0	655.0
-	605.0	869.0	1474.0	724.0	3647.0	4371.0	870.0	9060.0	9930.0	635.0	8.0	643.0
-	598.0	901.0	1499.0	718.0	3626.0	4344.0	877.0	9252.0	10129.0	622.0	44.0	666.0
-	593.0	927.0	1520.0	725.0	3701.0	4426.0	893.0	9080.0	9973.0	637.0	15.0	652.0
-	592.0	906.0	1498.0	717.0	3630.0	4347.0	876.0	8991.0	9867.0	621.0	42.0	663.0
-	595.0	934.0	1529.0	741.0	3592.0	4333.0	892.0	9052.0	9944.0	644.0	25.0	669.0
-	608.0	874.0	1482.0	719.0	3794.0	4513.0	873.0	9529.0	10402.0	644.0	19.0	663.0
-	603.0	911.0	1514.0	721.0	3638.0	4359.0	899.0	9173.0	10072.0	639.0	31.0	670.0
-	621.0	891.0	1512.0	725.0	3525.0	4250.0	891.0	8978.0	9869.0	647.0	87.0	734.0
-	590.0	888.0	1478.0	728.0	3774.0	4502.0	875.0	9207.0	10082.0	648.0	-1.0	647.0
-	593.0	1057.0	1650.0	731.0	3825.0	4556.0	902.0	9238.0	10140.0	629.0	47.0	676.0
-	592.0	886.0	1478.0	734.0	3614.0	4348.0	878.0	9001.0	9879.0	632.0	14.0	646.0
-	609.0	823.0	1432.0	725.0	3597.0	4322.0	872.0	8816.0	9688.0	638.0	45.0	683.0
-	595.0	894.0	1489.0	732.0	3637.0	4369.0	896.0	9019.0	9915.0	640.0	44.0	684.0
-	593.0	892.0	1485.0	748.0	3580.0	4328.0	901.0	9183.0	10084.0	644.0	24.0	668.0
-	592.0	907.0	1499.0	727.0	3670.0	4397.0	897.0	9387.0	10284.0	618.0	43.0	661.0
-	593.0	898.0	1491.0	730.0	3506.0	4236.0	875.0	9350.0	10225.0	638.0	30.0	668.0
-	600.0	873.0	1473.0	735.0	3656.0	4391.0	897.0	9685.0	10582.0	643.0	23.0	666.0
-	604.0	886.0	1490.0	729.0	3630.0	4359.0	875.0	9086.0	9961.0	616.0	57.0	673.0
-	604.0	883.0	1487.0	723.0	3601.0	4324.0	902.0	9010.0	9912.0	636.0	20.0	656.0
-	598.0	894.0	1492.0	724.0	3742.0	4466.0	898.0	9105.0	10003.0	643.0	-2.0	641.0
-	594.0	894.0	1488.0	729.0	3700.0	4429.0	913.0	8836.0	9749.0	636.0	39.0	675.0
-	603.0	1040.0	1643.0	734.0	3623.0	4357.0	879.0	9019.0	9898.0	651.0	18.0	669.0
-	599.0	886.0	1485.0	730.0	3653.0	4383.0	906.0	9405.0	10311.0	641.0	12.0	653.0
-	593.0	887.0	1480.0	737.0	3871.0	4608.0	880.0	9064.0	9944.0	637.0	58.0	695.0
-	594.0	877.0	1471.0	722.0	3525.0	4247.0	899.0	9130.0	10029.0	634.0	19.0	653.0
-	603.0	1051.0	1654.0	729.0	3624.0	4353.0	893.0	9148.0	10041.0	658.0	33.0	691.0
-	601.0	895.0	1496.0	730.0	3623.0	4353.0	878.0	8998.0	9876.0	615.0	46.0	661.0
-	600.0	890.0	1490.0	718.0	3562.0	4280.0	902.0	9105.0	10007.0	651.0	8.0	659.0
-	592.0	916.0	1508.0	723.0	3622.0	4345.0	907.0	9003.0	9910.0	640.0	20.0	660.0
-	590.0	916.0	1506.0	719.0	3583.0	4302.0	907.0	8956.0	9863.0	636.0	34.0	670.0
-	599.0	876.0	1475.0	724.0	3606.0	4330.0	896.0	8879.0	9775.0	620.0	15.0	635.0
-	592.0	898.0	1490.0	725.0	3656.0	4381.0	901.0	9105.0	10006.0	642.0	-5.0	637.0
-	594.0	901.0	1495.0	738.0	3296.0	4034.0	914.0	8988.0	9902.0	641.0	53.0	694.0
-	598.0	880.0	1478.0	723.0	3590.0	4313.0	899.0	9031.0	9930.0	620.0	45.0	665.0
-	596.0	901.0	1497.0	726.0	3609.0	4335.0	895.0	9080.0	9975.0	641.0	15.0	656.0
-	608.0	871.0	1479.0	725.0	3694.0	4419.0	899.0	8988.0	9887.0	640.0	42.0	682.0
-	599.0	886.0	1485.0	728.0	3671.0	4399.0	902.0	8835.0	9737.0	651.0	31.0	682.0
-	601.0	1059.0	1660.0	727.0	3672.0	4399.0	893.0	8919.0	9812.0	642.0	-7.0	635.0
-	601.0	887.0	1488.0	721.0	3966.0	4687.0	900.0	9802.0	10702.0	622.0	36.0	658.0
-	589.0	839.0	1428.0	727.0	3613.0	4340.0	875.0	9006.0	9881.0	632.0	59.0	691.0
-	593.0	922.0	1515.0	721.0	3638.0	4359.0	894.0	8984.0	9878.0	622.0	54.0	676.0
-	607.0	870.0	1477.0	719.0	3609.0	4328.0	907.0	9091.0	9998.0	647.0	27.0	674.0
-	594.0	900.0	1494.0	724.0	3797.0	4521.0	875.0	8922.0	9797.0	624.0	32.0	656.0
-	596.0	891.0	1487.0	721.0	3496.0	4217.0	872.0	9153.0	10025.0	644.0	26.0	670.0
-	592.0	893.0	1485.0	751.0	3611.0	4362.0	869.0	9142.0	10011.0	636.0	31.0	667.0
-	596.0	879.0	1475.0	726.0	3630.0	4356.0	876.0	9184.0	10060.0	637.0	17.0	654.0
-	592.0	902.0	1494.0	747.0	3819.0	4566.0	892.0	9422.0	10314.0	615.0	51.0	666.0
2048 (AVG)	1186.9	3055.5	4242.4	1468.4	13242.3	14710.7	1771.2	33136.2	34907.4	1203.3	44.8	1248.0
-	1187.0	3014.0	4201.0	1478.0	13277.0	14755.0	1817.0	33412.0	35229.0	1220.0	23.0	1243.0
-	1164.0	3136.0	4300.0	1490.0	13364.0	14854.0	1759.0	33677.0	35436.0	1225.0	18.0	1243.0
-	1166.0	3043.0	4209.0	1469.0	13691.0	15160.0	1764.0	32897.0	34661.0	1220.0	10.0	1230.0
-	1170.0	3052.0	4222.0	1443.0	13113.0	14556.0	1769.0	32880.0	34649.0	1199.0	53.0	1252.0
-	1202.0	3024.0	4226.0	1503.0	12997.0	14500.0	1765.0	32853.0	34618.0	1221.0	23.0	1244.0
-	1182.0	3185.0	4367.0	1472.0	12810.0	14282.0	1763.0	32673.0	34436.0	1215.0	.0	1215.0
-	1183.0	3221.0	4404.0	1444.0	13057.0	14501.0	1767.0	32738.0	34505.0	1216.0	2.0	1218.0
-	1165.0	3036.0	4201.0	1516.0	12948.0	14464.0	1756.0	34298.0	36054.0	1205.0	32.0	1237.0
-	1182.0	3117.0	4299.0	1481.0	12940.0	14421.0	1757.0	33869.0	35626.0	1186.0	52.0	1238.0
-	1168.0	3053.0	4221.0	1476.0	12954.0	14430.0	1751.0	32755.0	34506.0	1191.0	49.0	1240.0
-	1175.0	3038.0	4213.0	1464.0	12784.0	14248.0	1773.0	33471.0	35244.0	1210.0	38.0	1248.0
-	1166.0	3079.0	4245.0	1487.0	13017.0	14504.0	1756.0	33043.0	34799.0	1202.0	14.0	1216.0
-	1167.0	3261.0	4428.0	1512.0	13126.0	14638.0	1759.0	33072.0	34831.0	1222.0	29.0	1251.0
-	1171.0	2976.0	4147.0	1481.0	13304.0	14785.0	1774.0	33190.0	34964.0	1208.0	29.0	1237.0
-	1172.0	3057.0	4229.0	1477.0	12822.0	14299.0	1763.0	33069.0	34832.0	1195.0	21.0	1216.0
-	1174.0	2941.0	4115.0	1445.0	13044.0	14489.0	1792.0	33028.0	34820.0	1201.0	40.0	1241.0
-	1173.0	3288.0	4461.0	1475.0	13761.0	15236.0	1801.0	32917.0	34718.0	1203.0	40.0	1243.0
-	1175.0	3020.0	4195.0	1469.0	13347.0	14816.0	1790.0	33232.0	35022.0	1204.0	64.0	1268.0
-	1161.0	2722.0	3883.0	1459.0	13507.0	14966.0	1756.0	32424.0	34180.0	1196.0	55.0	1251.0
-	1173.0	3117.0	4290.0	1466.0	13347.0	14813.0	1768.0	33292.0	35060.0	1197.0	27.0	1224.0
-	1173.0	3101.0	4274.0	1471.0	13341.0	14812.0	1762.0	32783.0	34545.0	1210.0	4.0	1214.0
-	1175.0	2920.0	4095.0	1462.0	13316.0	14778.0	1761.0	33605.0	35366.0	1224.0	6.0	1230.0
-	1588.0	2627.0	4215.0	1460.0	13344.0	14804.0	1772.0	32712.0	34484.0	1222.0	-13.0	1209.0
-	1518.0	2725.0	4243.0	1464.0	13248.0	14712.0	1761.0	33454.0	35215.0	1226.0	13.0	1239.0
-	1172.0	3065.0	4237.0	1472.0	13317.0	14789.0	1771.0	33012.0	34783.0	1196.0	33.0	1229.0
-	1166.0	3016.0	4182.0	1462.0	13035.0	14497.0	1760.0	33105.0	34865.0	1216.0	11.0	1227.0
-	1169.0	3036.0	4205.0	1449.0	13182.0	14631.0	1768.0	32585.0	34353.0	1190.0	54.0	1244.0
-	1169.0	3354.0	4523.0	1455.0	13078.0	14533.0	1772.0	32925.0	34697.0	1197.0	58.0	1255.0
-	1180.0	2749.0	3929.0	1459.0	13868.0	15327.0	1772.0	33404.0	35176.0	1209.0	43.0	1252.0
-	1174.0	2919.0	4093.0	1469.0	13474.0	14943.0	1755.0	33069.0	34824.0	1215.0	15.0	1230.0
-	1164.0	2910.0	4074.0	1470.0	13245.0	14715.0	1777.0	32883.0	34660.0	1200.0	19.0	1219.0
-	1163.0	3153.0	4316.0	1468.0	13010.0	14478.0	1765.0	32342.0	34107.0	1200.0	29.0	1229.0
-	1166.0	2922.0	4088.0	1450.0	13096.0	14546.0	1770.0	33819.0	35589.0	1195.0	46.0	1241.0
-	1163.0	3114.0	4277.0	1451.0	13617.0	15068.0	1758.0	33271.0	35029.0	1192.0	54.0	1246.0
-	1173.0	3359.0	4532.0	1472.0	13180.0	14652.0	1766.0	33203.0	34969.0	1196.0	39.0	1235.0
-	1167.0	3030.0	4197.0	1451.0	13144.0	14595.0	1765.0	32470.0	34235.0	1192.0	55.0	1247.0
-	1157.0	3146.0	4303.0	1476.0	13167.0	14643.0	1775.0	33360.0	35135.0	1193.0	22.0	1215.0
-	1164.0	3038.0	4202.0	1482.0	13084.0	14566.0	1770.0	33325.0	35095.0	1190.0	43.0	1233.0
-	1172.0	3207.0	4379.0	1459.0	13170.0	14629.0	1797.0	33716.0	35513.0	1204.0	537.0	1741.0
-	1175.0	3086.0	4261.0	1468.0	12968.0	14436.0	1759.0	33408.0	35167.0	1204.0	49.0	1253.0
-	1165.0	3044.0	4209.0	1464.0	13112.0	14576.0	1805.0	32636.0	34441.0	1200.0	64.0	1264.0
-	1173.0	3359.0	4532.0	1462.0	13282.0	14744.0	1755.0	33793.0	35548.0	1193.0	58.0	1251.0
-	1165.0	3219.0	4384.0	1448.0	13531.0	14979.0	1799.0	33165.0	34964.0	1192.0	32.0	1224.0
-	1168.0	2862.0	4030.0	1453.0	13135.0	14588.0	1800.0	33116.0	34916.0	1198.0	55.0	1253.0
-	1176.0	2962.0	4138.0	1489.0	13597.0	15086.0	1767.0	34315.0	36082.0	1191.0	47.0	1238.0
-	1165.0	3110.0	4275.0	1449.0	13981.0	15430.0	1762.0	32869.0	34631.0	1195.0	59.0	1254.0
-	1175.0	3043.0	4218.0	1469.0	13714.0	15183.0	1784.0	32880.0	34664.0	1201.0	47.0	1248.0
-	1167.0	3040.0	4207.0	1471.0	13186.0	14657.0	1778.0	32623.0	34401.0	1193.0	45.0	1238.0
-	1178.0	3177.0	4355.0	1453.0	13298.0	14751.0	1765.0	33406.0	35171.0	1189.0	46.0	1235.0
-	1187.0	3102.0	4289.0	1486.0	13184.0	14670.0	1788.0	32766.0	34554.0	1204.0	49.0	1253.0
4096 (AVG)	2297.3	11045.2	13342.5	2817.1	50446.2	53263.3	3443.5	141511.4	144954.9	2409.4	.5	2409.9
-	2282.0	10913.0	13195.0	2835.0	50388.0	53223.0	3337.0	141139.0	144476.0	2358.0	50.0	2408.0
-	2280.0	10747.0	13027.0	2909.0	48616.0	51525.0	3449.0	141090.0	144539.0	2680.0	-216.0	2464.0
-	2276.0	10852.0	13128.0	2806.0	51440.0	54246.0	3369.0	136490.0	139859.0	2337.0	57.0	2394.0
-	2286.0	11033.0	13319.0	2780.0	50207.0	52987.0	3422.0	151134.0	154556.0	2405.0	20.0	2425.0
-	2308.0	11115.0	13423.0	2957.0	48757.0	51714.0	3405.0	136704.0	140109.0	2364.0	13.0	2377.0
-	2277.0	11219.0	13496.0	2791.0	51598.0	54389.0	3351.0	142974.0	146325.0	2470.0	-91.0	2379.0
-	2275.0	11386.0	13661.0	2790.0	51283.0	54073.0	3406.0	138149.0	141555.0	2389.0	-28.0	2361.0
-	2271.0	11045.0	13316.0	2772.0	49170.0	51942.0	3342.0	145158.0	148500.0	2369.0	28.0	2397.0
-	2272.0	11002.0	13274.0	2832.0	50617.0	53449.0	3404.0	140686.0	144090.0	2397.0	37.0	2434.0
-	2286.0	11183.0	13469.0	2788.0	48873.0	51661.0	3361.0	136022.0	139383.0	2407.0	3.0	2410.0
-	2267.0	10835.0	13102.0	2794.0	49178.0	51972.0	3361.0	142212.0	145573.0	2488.0	-73.0	2415.0
-	2277.0	11014.0	13291.0	2801.0	50436.0	53237.0	3342.0	143970.0	147312.0	2574.0	-162.0	2412.0
-	2282.0	10941.0	13223.0	2806.0	50180.0	52986.0	3394.0	138047.0	141441.0	2691.0	-300.0	2391.0
-	2321.0	11505.0	13826.0	2791.0	48496.0	51287.0	3608.0	142825.0	146433.0	2387.0	7.0	2394.0
-	2611.0	10835.0	13446.0	2795.0	52588.0	55383.0	3552.0	136719.0	140271.0	3018.0	-642.0	2376.0
-	2275.0	10923.0	13198.0	2854.0	50694.0	53548.0	3454.0	142813.0	146267.0	2357.0	37.0	2394.0
-	2295.0	11006.0	13301.0	2795.0	49189.0	51984.0	3399.0	137552.0	140951.0	2435.0	24.0	2459.0
-	2278.0	10869.0	13147.0	2943.0	51781.0	54724.0	3348.0	144288.0	147636.0	2383.0	36.0	2419.0
-	2277.0	10944.0	13221.0	2808.0	48921.0	51729.0	3404.0	139582.0	142986.0	2383.0	-11.0	2372.0
-	2277.0	11007.0	13284.0	2803.0	49416.0	52219.0	3559.0	140900.0	144459.0	2325.0	130.0	2455.0
-	2303.0	10727.0	13030.0	2785.0	51483.0	54268.0	3425.0	136914.0	140339.0	2371.0	24.0	2395.0
-	2285.0	10756.0	13041.0	2831.0	48791.0	51622.0	3602.0	140334.0	143936.0	2362.0	14.0	2376.0
-	2343.0	10777.0	13120.0	2812.0	52384.0	55196.0	3393.0	138100.0	141493.0	2368.0	23.0	2391.0
-	2276.0	11002.0	13278.0	2950.0	49190.0	52140.0	3465.0	140944.0	144409.0	2323.0	37.0	2360.0
-	2296.0	10962.0	13258.0	2796.0	53232.0	56028.0	3414.0	146325.0	149739.0	2388.0	12.0	2400.0
-	2295.0	11223.0	13518.0	2781.0	49812.0	52593.0	3623.0	135978.0	139601.0	2436.0	-35.0	2401.0
-	2262.0	10987.0	13249.0	2832.0	53632.0	56464.0	3567.0	145740.0	149307.0	2391.0	-5.0	2386.0
-	2281.0	11181.0	13462.0	2784.0	51080.0	53864.0	3433.0	136359.0	139792.0	2335.0	104.0	2439.0
-	2286.0	10758.0	13044.0	2784.0	48989.0	51773.0	3338.0	146898.0	150236.0	2373.0	12.0	2385.0
-	2281.0	11074.0	13355.0	2788.0	52901.0	55689.0	3624.0	137630.0	141254.0	2335.0	28.0	2363.0
-	2302.0	11214.0	13516.0	2780.0	48645.0	51425.0	3460.0	141382.0	144842.0	2336.0	51.0	2387.0
-	2349.0	10758.0	13107.0	2864.0	53188.0	56052.0	3392.0	137392.0	140784.0	2368.0	12.0	2380.0
-	2296.0	11355.0	13651.0	2816.0	48573.0	51389.0	3491.0	151056.0	154547.0	2389.0	28.0	2417.0
-	2291.0	10861.0	13152.0	2814.0	51615.0	54429.0	3393.0	137789.0	141182.0	2418.0	-19.0	2399.0
-	2285.0	11358.0	13643.0	2800.0	50195.0	52995.0	3344.0	147313.0	150657.0	2409.0	-9.0	2400.0
-	2273.0	10846.0	13119.0	2807.0	49025.0	51832.0	3375.0	137494.0	140869.0	2366.0	61.0	2427.0
-	2352.0	10870.0	13222.0	2804.0	50759.0	53563.0	3614.0	147296.0	150910.0	2380.0	5.0	2385.0
-	2309.0	11121.0	13430.0	2840.0	49675.0	52515.0	3504.0	137071.0	140575.0	2362.0	79.0	2441.0
-	2289.0	11508.0	13797.0	2798.0	48987.0	51785.0	3384.0	149723.0	153107.0	2378.0	58.0	2436.0
-	2299.0	10948.0	13247.0	2912.0	50220.0	53132.0	3417.0	135848.0	139265.0	2371.0	41.0	2412.0
-	2277.0	10921.0	13198.0	2805.0	48705.0	51510.0	3341.0	149723.0	153064.0	2373.0	144.0	2517.0
-	2287.0	10985.0	13272.0	2777.0	52740.0	55517.0	3745.0	137406.0	141151.0	2419.0	66.0	2485.0
-	2277.0	11181.0	13458.0	2824.0	48913.0	51737.0	3403.0	148263.0	151666.0	2391.0	-9.0	2382.0
-	2281.0	11040.0	13321.0	2796.0	52910.0	55706.0	3612.0	137767.0	141379.0	2418.0	7.0	2425.0
-	2275.0	10845.0	13120.0	2789.0	48670.0	51459.0	3373.0	148061.0	151434.0	2402.0	41.0	2443.0
-	2341.0	11252.0	13593.0	2797.0	51307.0	54104.0	3419.0	138268.0	141687.0	2321.0	79.0	2400.0
-	2269.0	11981.0	14250.0	2808.0	48815.0	51623.0	3451.0	147799.0	151250.0	2355.0	94.0	2449.0
-	2269.0	11543.0	13812.0	2856.0	52838.0	55694.0	3381.0	137507.0	140888.0	2352.0	60.0	2412.0
-	2342.0	11160.0	13502.0	2784.0	49106.0	51890.0	3420.0	148911.0	152331.0	2325.0	120.0	2445.0
-	2319.0	10692.0	13011.0	2789.0	54104.0	56893.0	3507.0	135824.0	139331.0	2436.0	-15.0	2421.0
8192 (AVG)	4440.2	46063.2	50503.4	5487.9	221282.8	226770.6	6776.0	600064.1	606840.0	4536.1	72.1	4608.2
-	4372.0	46090.0	50462.0	5485.0	214214.0	219699.0	6626.0	607659.0	614285.0	4528.0	-23.0	4505.0
-	4410.0	48430.0	52840.0	5448.0	231056.0	236504.0	6917.0	643933.0	650850.0	4782.0	-268.0	4514.0
-	4758.0	43583.0	48341.0	5473.0	214448.0	219921.0	6593.0	597124.0	603717.0	4979.0	-397.0	4582.0
-	4377.0	48336.0	52713.0	5362.0	219997.0	225359.0	6821.0	625314.0	632135.0	4437.0	121.0	4558.0
-	4610.0	46401.0	51011.0	5651.0	227231.0	232882.0	6731.0	657660.0	664391.0	4646.0	-137.0	4509.0
-	4689.0	48480.0	53169.0	5795.0	217397.0	223192.0	6555.0	596023.0	602578.0	4444.0	467.0	4911.0
-	4372.0	44710.0	49082.0	5430.0	219512.0	224942.0	6829.0	617843.0	624672.0	4471.0	42.0	4513.0
-	4397.0	48213.0	52610.0	5469.0	225636.0	231105.0	6736.0	588144.0	594880.0	4564.0	41.0	4605.0
-	4372.0	44130.0	48502.0	5540.0	217803.0	223343.0	7235.0	636007.0	643242.0	4600.0	-64.0	4536.0
-	4605.0	44218.0	48823.0	5441.0	223314.0	228755.0	6840.0	597952.0	604792.0	4414.0	122.0	4536.0
-	4384.0	47521.0	51905.0	5593.0	213172.0	218765.0	6540.0	615868.0	622408.0	4486.0	89.0	4575.0
-	4387.0	44334.0	48721.0	5463.0	228818.0	234281.0	6818.0	598708.0	605526.0	4495.0	74.0	4569.0
-	4565.0	47395.0	51960.0	5440.0	213594.0	219034.0	7069.0	608423.0	615492.0	4390.0	83.0	4473.0
-	4391.0	43945.0	48336.0	5390.0	238789.0	244179.0	7254.0	589929.0	597183.0	4714.0	-198.0	4516.0
-	4345.0	47480.0	51825.0	5464.0	221778.0	227242.0	6578.0	589211.0	595789.0	4716.0	-190.0	4526.0
-	4376.0	44137.0	48513.0	5394.0	224271.0	229665.0	6816.0	584420.0	591236.0	4419.0	61.0	4480.0
-	4503.0	48186.0	52689.0	5510.0	230336.0	235846.0	6655.0	587788.0	594443.0	4508.0	149.0	4657.0
-	4604.0	43680.0	48284.0	5473.0	212154.0	217627.0	6835.0	588984.0	595819.0	4773.0	-66.0	4707.0
-	4678.0	48568.0	53246.0	5786.0	228460.0	234246.0	7272.0	598664.0	605936.0	4443.0	355.0	4798.0
-	4330.0	44392.0	48722.0	5335.0	215797.0	221132.0	6858.0	591729.0	598587.0	4670.0	52.0	4722.0
-	4359.0	47803.0	52162.0	5398.0	228145.0	233543.0	6757.0	596925.0	603682.0	4486.0	83.0	4569.0
-	4408.0	44353.0	48761.0	5434.0	212612.0	218046.0	6548.0	587623.0	594171.0	4399.0	123.0	4522.0
-	4338.0	48630.0	52968.0	5727.0	229690.0	235417.0	6794.0	602842.0	609636.0	4630.0	206.0	4836.0
-	4653.0	44640.0	49293.0	5371.0	220217.0	225588.0	6830.0	594978.0	601808.0	4485.0	73.0	4558.0
-	4339.0	48347.0	52686.0	5466.0	224910.0	230376.0	6537.0	606319.0	612856.0	4446.0	49.0	4495.0
-	4311.0	43497.0	47808.0	5446.0	213007.0	218453.0	6763.0	604542.0	611305.0	4458.0	101.0	4559.0
-	4320.0	47347.0	51667.0	5432.0	228035.0	233467.0	6803.0	585906.0	592709.0	4440.0	303.0	4743.0
-	4308.0	44619.0	48927.0	5780.0	214918.0	220698.0	6802.0	607205.0	614007.0	4430.0	128.0	4558.0
-	4338.0	47436.0	51774.0	5338.0	227189.0	232527.0	6555.0	610300.0	616855.0	4473.0	54.0	4527.0
-	4322.0	43704.0	48026.0	5456.0	217218.0	222674.0	6596.0	589700.0	596296.0	4481.0	213.0	4694.0
-	4787.0	46972.0	51759.0	5434.0	230727.0	236161.0	6466.0	613227.0	619693.0	4623.0	91.0	4714.0
-	4385.0	43605.0	47990.0	5498.0	212407.0	217905.0	7020.0	591660.0	598680.0	4574.0	152.0	4726.0
-	4553.0	47815.0	52368.0	5422.0	227199.0	232621.0	6474.0	594185.0	600659.0	4470.0	22.0	4492.0
-	4319.0	44141.0	48460.0	5510.0	212581.0	218091.0	6813.0	590380.0	597193.0	4473.0	221.0	4694.0
-	4668.0	47701.0	52369.0	5460.0	231295.0	236755.0	6808.0	590460.0	597268.0	4728.0	-160.0	4568.0
-	4479.0	44823.0	49302.0	5428.0	212534.0	217962.0	6944.0	585867.0	592811.0	4493.0	37.0	4530.0
-	4356.0	44385.0	48741.0	5450.0	232461.0	237911.0	6908.0	607281.0	614189.0	4727.0	-73.0	4654.0
-	4491.0	48203.0	52694.0	5437.0	223775.0	229212.0	7007.0	589058.0	596065.0	4740.0	-192.0	4548.0
-	4431.0	44095.0	48526.0	5446.0	214075.0	219521.0	6867.0	594936.0	601803.0	4473.0	341.0	4814.0
-	4581.0	48591.0	53172.0	5394.0	221493.0	226887.0	6530.0	589361.0	595891.0	4443.0	65.0	4508.0
-	4323.0	44915.0	49238.0	5426.0	222933.0	228359.0	7009.0	588868.0	595877.0	4466.0	93.0	4559.0
-	4544.0	44494.0	49038.0	5595.0	215712.0	221307.0	6546.0	594586.0	601132.0	4471.0	265.0	4736.0
-	4369.0	46960.0	51329.0	5438.0	217325.0	222763.0	6929.0	587087.0	594016.0	4451.0	68.0	4519.0
-	4329.0	45354.0	49683.0	5371.0	217716.0	223087.0	6636.0	590627.0	597263.0	4499.0	-8.0	4491.0
-	4395.0	48233.0	52628.0	5505.0	225976.0	231481.0	6867.0	630904.0	637771.0	4637.0	91.0	4728.0
-	4333.0	44201.0	48534.0	5768.0	215486.0	221254.0	6574.0	589435.0	596009.0	4428.0	356.0	4784.0
-	4331.0	50786.0	55117.0	5444.0	218842.0	224286.0	6801.0	596304.0	603105.0	4495.0	68.0	4563.0
-	4366.0	43791.0	48157.0	5682.0	220611.0	226293.0	6645.0	587400.0	594045.0	4505.0	14.0	4519.0
-	4329.0	47765.0	52094.0	5465.0	220140.0	225605.0	6912.0	595330.0	602242.0	4477.0	153.0	4630.0
-	4420.0	43724.0	48144.0	5431.0	217132.0	222563.0	6480.0	588524.0	595004.0	4426.0	354.0	4780.0
